{"images": [{"id": 1, "file_name": "03457_.tif", "width": 200, "height": 200}, {"id": 2, "file_name": "06759_.tif", "width": 200, "height": 200}, {"id": 3, "file_name": "10930_.tif", "width": 200, "height": 200}, {"id": 4, "file_name": "03364_.tif", "width": 200, "height": 200}, {"id": 5, "file_name": "03366_.tif", "width": 200, "height": 200}, {"id": 6, "file_name": "00420_.tif", "width": 200, "height": 200}, {"id": 7, "file_name": "01258_.tif", "width": 200, "height": 200}, {"id": 8, "file_name": "05324_.tif", "width": 200, "height": 200}, {"id": 9, "file_name": "01164_.tif", "width": 200, "height": 200}, {"id": 10, "file_name": "01534_.tif", "width": 200, "height": 200}, {"id": 11, "file_name": "03460_.tif", "width": 200, "height": 200}, {"id": 12, "file_name": "03037_.tif", "width": 200, "height": 200}, {"id": 13, "file_name": "00515_.tif", "width": 200, "height": 200}, {"id": 14, "file_name": "11024_.tif", "width": 200, "height": 200}, {"id": 15, "file_name": "07985_.tif", "width": 200, "height": 200}, {"id": 16, "file_name": "06103_.tif", "width": 200, "height": 200}, {"id": 17, "file_name": "07986_.tif", "width": 200, "height": 200}, {"id": 18, "file_name": "05325_.tif", "width": 200, "height": 200}, {"id": 19, "file_name": "04478_.tif", "width": 200, "height": 200}, {"id": 20, "file_name": "03639_.tif", "width": 200, "height": 200}, {"id": 21, "file_name": "02380_.tif", "width": 200, "height": 200}, {"id": 22, "file_name": "00516_.tif", "width": 200, "height": 200}, {"id": 23, "file_name": "03023_.tif", "width": 200, "height": 200}, {"id": 24, "file_name": "03270_.tif", "width": 200, "height": 200}, {"id": 25, "file_name": "04203_.tif", "width": 200, "height": 200}, {"id": 26, "file_name": "08953_.tif", "width": 200, "height": 200}, {"id": 27, "file_name": "00078_.tif", "width": 200, "height": 200}, {"id": 28, "file_name": "00694_.tif", "width": 200, "height": 200}, {"id": 29, "file_name": "00093_.tif", "width": 200, "height": 200}, {"id": 30, "file_name": "02381_.tif", "width": 200, "height": 200}, {"id": 31, "file_name": "09798_.tif", "width": 200, "height": 200}, {"id": 32, "file_name": "09048_.tif", "width": 200, "height": 200}, {"id": 33, "file_name": "00512_.tif", "width": 200, "height": 200}, {"id": 34, "file_name": "00421_.tif", "width": 200, "height": 200}], "annotations": [{"id": 1, "image_id": 1, "category_id": 1, "bbox": [76, 37, 30.0, 30.0], "area": 900.0, "iscrowd": 0}, {"id": 2, "image_id": 2, "category_id": 1, "bbox": [94, 65, 30.0, 30.0], "area": 900.0, "iscrowd": 0}, {"id": 3, "image_id": 2, "category_id": 1, "bbox": [111, 23, 30.0, 30.0], "area": 900.0, "iscrowd": 0}, {"id": 4, "image_id": 3, "category_id": 1, "bbox": [161, 73, 30.0, 30.0], "area": 900.0, "iscrowd": 0}, {"id": 5, "image_id": 3, "category_id": 1, "bbox": [138, 134, 30.0, 30.0], "area": 900.0, "iscrowd": 0}, {"id": 6, "image_id": 4, "category_id": 1, "bbox": [38, 169, 30.0, 30.0], "area": 900.0, "iscrowd": 0}, {"id": 7, "image_id": 4, "category_id": 1, "bbox": [72, 146, 30.0, 30.0], "area": 900.0, "iscrowd": 0}, {"id": 8, "image_id": 4, "category_id": 1, "bbox": [164, 74, 30.0, 30.0], "area": 900.0, "iscrowd": 0}, {"id": 9, "image_id": 5, "category_id": 1, "bbox": [126, 32, 30.0, 30.0], "area": 900.0, "iscrowd": 0}, {"id": 10, "image_id": 6, "category_id": 1, "bbox": [38, 69, 30.0, 30.0], "area": 900.0, "iscrowd": 0}, {"id": 11, "image_id": 6, "category_id": 1, "bbox": [72, 46, 30.0, 30.0], "area": 900.0, "iscrowd": 0}, {"id": 12, "image_id": 7, "category_id": 1, "bbox": [104, 126, 30.0, 30.0], "area": 900.0, "iscrowd": 0}, {"id": 13, "image_id": 8, "category_id": 1, "bbox": [65, 127, 30.0, 30.0], "area": 900.0, "iscrowd": 0}, {"id": 14, "image_id": 8, "category_id": 1, "bbox": [63, 82, 30.0, 30.0], "area": 900.0, "iscrowd": 0}, {"id": 15, "image_id": 9, "category_id": 1, "bbox": [166, 91, 30.0, 30.0], "area": 900.0, "iscrowd": 0}, {"id": 16, "image_id": 10, "category_id": 1, "bbox": [94, 65, 30.0, 30.0], "area": 900.0, "iscrowd": 0}, {"id": 17, "image_id": 10, "category_id": 1, "bbox": [111, 23, 30.0, 30.0], "area": 900.0, "iscrowd": 0}, {"id": 18, "image_id": 11, "category_id": 1, "bbox": [39, 136, 30.0, 30.0], "area": 900.0, "iscrowd": 0}, {"id": 19, "image_id": 12, "category_id": 1, "bbox": [76, 169, 30.0, 30.0], "area": 900.0, "iscrowd": 0}, {"id": 20, "image_id": 13, "category_id": 1, "bbox": [80, 80, 30.0, 30.0], "area": 900.0, "iscrowd": 0}, {"id": 21, "image_id": 14, "category_id": 1, "bbox": [65, 127, 30.0, 30.0], "area": 900.0, "iscrowd": 0}, {"id": 22, "image_id": 14, "category_id": 1, "bbox": [63, 82, 30.0, 30.0], "area": 900.0, "iscrowd": 0}, {"id": 23, "image_id": 15, "category_id": 1, "bbox": [165, 27, 30.0, 30.0], "area": 900.0, "iscrowd": 0}, {"id": 24, "image_id": 16, "category_id": 1, "bbox": [4, 126, 30.0, 30.0], "area": 900.0, "iscrowd": 0}, {"id": 25, "image_id": 17, "category_id": 1, "bbox": [38, 34, 30.0, 30.0], "area": 900.0, "iscrowd": 0}, {"id": 26, "image_id": 18, "category_id": 1, "bbox": [61, 73, 30.0, 30.0], "area": 900.0, "iscrowd": 0}, {"id": 27, "image_id": 18, "category_id": 1, "bbox": [38, 134, 30.0, 30.0], "area": 900.0, "iscrowd": 0}, {"id": 28, "image_id": 19, "category_id": 1, "bbox": [94, 165, 30.0, 30.0], "area": 900.0, "iscrowd": 0}, {"id": 29, "image_id": 19, "category_id": 1, "bbox": [111, 123, 30.0, 30.0], "area": 900.0, "iscrowd": 0}, {"id": 30, "image_id": 20, "category_id": 1, "bbox": [81, 79, 30.0, 30.0], "area": 900.0, "iscrowd": 0}, {"id": 31, "image_id": 20, "category_id": 1, "bbox": [20, 31, 30.0, 30.0], "area": 900.0, "iscrowd": 0}, {"id": 32, "image_id": 21, "category_id": 1, "bbox": [65, 27, 30.0, 30.0], "area": 900.0, "iscrowd": 0}, {"id": 33, "image_id": 22, "category_id": 1, "bbox": [39, 36, 30.0, 30.0], "area": 900.0, "iscrowd": 0}, {"id": 34, "image_id": 23, "category_id": 1, "bbox": [122, 12, 30.0, 30.0], "area": 900.0, "iscrowd": 0}, {"id": 35, "image_id": 24, "category_id": 1, "bbox": [169, 93, 30.0, 30.0], "area": 900.0, "iscrowd": 0}, {"id": 36, "image_id": 25, "category_id": 1, "bbox": [104, 26, 30.0, 30.0], "area": 900.0, "iscrowd": 0}, {"id": 37, "image_id": 26, "category_id": 1, "bbox": [92, 145, 30.0, 30.0], "area": 900.0, "iscrowd": 0}, {"id": 38, "image_id": 27, "category_id": 1, "bbox": [122, 112, 30.0, 30.0], "area": 900.0, "iscrowd": 0}, {"id": 39, "image_id": 28, "category_id": 1, "bbox": [20, 131, 30.0, 30.0], "area": 900.0, "iscrowd": 0}, {"id": 40, "image_id": 29, "category_id": 1, "bbox": [76, 69, 30.0, 30.0], "area": 900.0, "iscrowd": 0}, {"id": 41, "image_id": 30, "category_id": 1, "bbox": [38, 34, 30.0, 30.0], "area": 900.0, "iscrowd": 0}, {"id": 42, "image_id": 31, "category_id": 1, "bbox": [11, 123, 30.0, 30.0], "area": 900.0, "iscrowd": 0}, {"id": 43, "image_id": 32, "category_id": 1, "bbox": [4, 26, 30.0, 30.0], "area": 900.0, "iscrowd": 0}, {"id": 44, "image_id": 33, "category_id": 1, "bbox": [76, 137, 30.0, 30.0], "area": 900.0, "iscrowd": 0}, {"id": 45, "image_id": 34, "category_id": 1, "bbox": [126, 132, 30.0, 30.0], "area": 900.0, "iscrowd": 0}], "categories": [{"id": 1, "name": "mamoa", "supercategory": "object"}]}